variable,pre-e,post-e,ch-con,MSLRT,p_value
Rim thickness (mm),23.089305040017262,26.324502021580145,21.816563425572244,3.311287516440813,0.19096907821188314
Neck thickness (mm),17.38615562496154,20.371592393479805,19.860990070706848,3.6367957698865205,0.16228554288175823
Body thickness (mm),25.93322155951526,28.62510032491341,24.188731608790597,2.276195584090586,0.32042796308651766
Ratio of Rim/Body thickness,31.963309355602593,30.778459530335674,30.060009214498415,0.30567163843563483,0.8582706217865524
Rim diameter (mm),6.835501123330173,9.608247272943766,6.929983360354303,19.2421977653072,6.63147055198765e-5
Neck diameter (mm),10.620650980925783,7.721150680099713,7.065821015208771,19.06807897751883,7.234678889811441e-5
Body diameter (mm),9.248600053658345,8.855116195686838,6.561997988321061,4.996516646199861,0.08222808874204968
Ratio of Rim/Body diameter,6.689221690929639,7.211496605958095,7.029331114360022,0.7343959216115499,0.6926725094629931
